Year,Name,Playernationality,Club,Clubnationality,Position
1956,Stanley Matthews,England,Blackpool,England,Forward
1957,Alfredo Di Stéfano,Spain,Real Madrid,Spain,Forward
1958,Raymond Kopa,France,Real Madrid,Spain,Midfielder
1959,Alfredo Di Stéfano,Spain,Real Madrid,Spain,Forward
1960,Luis Suárez,Spain,Barcelona,Spain,Midfielder
1961,Omar Sívori,Italy,Juventus,Italy,Forward
1962,Josef Masopust,Czechoslovakia,Dukla Prague,Czechoslovakia,Midfielder
1963,Lev Yashin,Soviet Union,Denamo Moscow,Soviet Union,Goalkeeper
1964,Denis Law,Scotland,Manchester United,England,Forward
1965,Eusébio,Portugal,Benfica,Portugal,Forward
1966,Bobby Charlton,England,Manchester United,England,Midfielder
1967,Flórián Albert,Hungary,Ferencváros,Hungary,Forward
1968,George Best,Northern Ireland,Manchester United,England,Forward
1969,Gianni Rivera,Italy,AC Milan,Italy,Forward
1970,Gerd Müller,Germany,Bayern Munich,Germany,Forward
1971,Johan Cruyff,Netherland,Ajax,Netherland,Forward
1972,Franz Beckenbauer,Germany,Bayern Munich,Germany,Defender
1973,Johan Cruyff,Netherland,Barcelona,Spain,Forward
1974,Johan Cruyff,Netherland,Barcelona,Spain,Forward
1975,Oleg Blokhin,Soviet Union,Dynamo Kyiv,Soviet Union,Forward
1976,Franz Beckenbauer,Germany,Bayern Munich,Germany,Defender
1977,Allan Simonsen,Denmark,Borussia Mönchengladbach,Germany,Forward
1978,Kevin Keegan,England,Hamburger SV,Germany,Forward
1979,Kevin Keegan,England,Hamburger SV,Germany,Forward
1980,Karl-Heinz Rummenigge,Germany,Bayern Munich,Germany,Forward
1981,Karl-Heinz Rummenigge,Germany,Bayern Munich,Germany,Forward
1982,Paolo Rossi,Italy,Juventus,Italy,Forward
1983,Michel Platini,France,Juventus,Italy,Midfielder
1984,Michel Platini,France,Juventus,Italy,Midfielder
1985,Michel Platini,France,Juventus,Italy,Midfielder
1986,Igor Belanov,Soviet Union,Dynamo Kyiv,Soviet Union,Forward
1987,Ruud Gullit,Netherland,AC Milan,Italy,Midfielder
1988,Marco Van Basten,Netherland,AC Milan,Italy,Forward
1989,Marco Van Basten,Netherland,AC Milan,Italy,Forward
1990,Lother Matthäus,Germany,Inter Milan,Italy,Midfielder
1991,Jean-Pierre Papin,France,Marseille,France,Forward
1992,Marco Van Basten,Netherland,AC Milan,Italy,Forward
1993,Roberto Baggio,Italy,Juventus,Italy,Forward
1994,Hristo Stoichkov,Bulgaria,Barcelona,Spain,Forward
1995,George Weah,Liberia,AC Milan,Italy,Forward
1996,Matthias Sammer,Germany,Borussia Dortmund,Germany,Midfielder
1997,Ronaldo,Brazil,Inter Milan,Italy,Forward
1998,Zinedine Zidane,France,Juventus,Italy,Midfielder
1999,Rivaldo,Brazil,Barcelona,Spain,Midfielder
2000,Luís Figo,Portugal,Real Madrid,Spain,Forward
2001,Michael Owen,England,Liverpool,England,Forward
2002,Ronaldo,Brazil,Real Madrid,Spain,Forward
2003,Pavel Nedvěd,Czechoslovakia,Juventus,Italy,Midfielder
2004,Andriy Shevchenko,Ukraine,AC Milan,Italy,Forward
2005,Ronaldinho,Brazil,Barcelona,Spain,Midfielder
2006,Fabio Cannavaro,Italy,Real Madrid,Spain,Defender
2007,Kaká,Brazil,AC Milan,Italy,Midfielder
2008,Cristiano Ronaldo,Portugal,Manchester United,England,Forward
2009,Lionel Messi,Argentina,Barcelona,Spain,Forward
2010,Lionel Messi,Argentina,Barcelona,Spain,Forward
2011,Lionel Messi,Argentina,Barcelona,Spain,Forward
2012,Lionel Messi,Argentina,Barcelona,Spain,Forward
2013,Cristiano Ronaldo,Portugal,Real Madrid,Spain,Forward
2014,Cristiano Ronaldo,Portugal,Real Madrid,Spain,Forward
2015,Lionel Messi,Argentina,Barcelona,Spain,Forward
2016,Cristiano Ronaldo,Portugal,Real Madrid,Spain,Forward
2017,Cristiano Ronaldo,Portugal,Real Madrid,Spain,Forward
2018,Luka Modrić,Croatia,Real Madrid,Spain,Midfielder
2019,Lionel Messi,Argentina,Barcelona,Spain,Forward
2020,NA,NA,NA,NA,NA
2021,Lionel Messi,Argentina,Paris Saint-Germain,France,Forward
2022,Karim Benzema,France,Real Madrid,Spain,Forward